mean_fit_time,std_fit_time,mean_score_time,std_score_time,param_subsample,param_n_estimators,param_min_samples_split,param_learning_rate,params,split0_test_score,split1_test_score,split2_test_score,split3_test_score,split4_test_score,mean_test_score,std_test_score,rank_test_score
69.09431819915771,6.431381834116893,0.0016000747680664062,0.0004898235384771108,1.0,200,0.5,0.5,"{'subsample': 1.0, 'n_estimators': 200, 'min_samples_split': 0.5, 'learning_rate': 0.5}",,,,,,,,1
49.16678552627563,5.995744540567092,0.00040001869201660155,0.0004899208473093903,0.9,100,2,0.5,"{'subsample': 0.9, 'n_estimators': 100, 'min_samples_split': 2, 'learning_rate': 0.5}",,,,,,,,1
42.619154930114746,0.5148121829793926,0.0010000228881835937,1.1680077279964343e-07,0.9,100,5,1.0,"{'subsample': 0.9, 'n_estimators': 100, 'min_samples_split': 5, 'learning_rate': 1.0}",,,,,,,,1
41.299101734161376,1.7462736263313459,0.0007999420166015625,0.0003999710083007812,0.9,100,2,1.0,"{'subsample': 0.9, 'n_estimators': 100, 'min_samples_split': 2, 'learning_rate': 1.0}",,,,,,,,1
83.60835976600647,0.6102198961606242,0.0,0.0,1.0,200,0.5,0.1,"{'subsample': 1.0, 'n_estimators': 200, 'min_samples_split': 0.5, 'learning_rate': 0.1}",,,,,,,,1
66.7906056880951,8.420391283893784,0.0,0.0,1.0,150,0.7,1.0,"{'subsample': 1.0, 'n_estimators': 150, 'min_samples_split': 0.7, 'learning_rate': 1.0}",,,,,,,,1
16.824928855895998,0.13681840969467576,0.003125,0.00625,0.7,50,5,0.1,"{'subsample': 0.7, 'n_estimators': 50, 'min_samples_split': 5, 'learning_rate': 0.1}",,,,,,,,1
1.5199830532073975,2.255223066742214,0.0,0.0,0.7,50,0.7,0.5,"{'subsample': 0.7, 'n_estimators': 50, 'min_samples_split': 0.7, 'learning_rate': 0.5}",,,,,,,,1
18.117447233200075,0.14629059365795177,0.0,0.0,1.0,50,0.7,0.1,"{'subsample': 1.0, 'n_estimators': 50, 'min_samples_split': 0.7, 'learning_rate': 0.1}",,,,,,,,1
47.559912538528444,1.273643877591962,0.0,0.0,1.0,100,5,0.1,"{'subsample': 1.0, 'n_estimators': 100, 'min_samples_split': 5, 'learning_rate': 0.1}",,,,,,,,1
