mean_fit_time,std_fit_time,mean_score_time,std_score_time,param_n_estimators,param_min_samples_split,param_max_features,param_max_depth,params,split0_test_score,split1_test_score,split2_test_score,split3_test_score,split4_test_score,mean_test_score,std_test_score,rank_test_score
0.13057355880737304,0.006610228334129613,0.002504920959472656,0.005009841918945312,50,5,1,2,"{'n_estimators': 50, 'min_samples_split': 5, 'max_features': 1, 'max_depth': 2}",,,,,,,,1
0.28447399139404295,0.013952486287099065,0.0,0.0,100,8,1,2,"{'n_estimators': 100, 'min_samples_split': 8, 'max_features': 1, 'max_depth': 2}",,,,,,,,1
0.0031218528747558594,0.006243705749511719,0.0,0.0,200,2,1,1.0,"{'n_estimators': 200, 'min_samples_split': 2, 'max_features': 1, 'max_depth': 1.0}",,,,,,,,1
0.0,0.0,0.0,0.0,50,5,1,1.0,"{'n_estimators': 50, 'min_samples_split': 5, 'max_features': 1, 'max_depth': 1.0}",,,,,,,,1
0.7254095554351807,0.015105761999973596,0.0,0.0,200,2,log2,2,"{'n_estimators': 200, 'min_samples_split': 2, 'max_features': 'log2', 'max_depth': 2}",,,,,,,,1
0.5311708450317383,0.018247687701170277,0.0,0.0,100,2,log2,5,"{'n_estimators': 100, 'min_samples_split': 2, 'max_features': 'log2', 'max_depth': 5}",,,,,,,,1
0.5769118785858154,0.04906841172280184,0.0,0.0,200,5,1,5,"{'n_estimators': 200, 'min_samples_split': 5, 'max_features': 1, 'max_depth': 5}",,,,,,,,1
0.0,0.0,0.0,0.0,50,8,1,1.0,"{'n_estimators': 50, 'min_samples_split': 8, 'max_features': 1, 'max_depth': 1.0}",,,,,,,,1
0.0031238555908203124,0.006247711181640625,0.0,0.0,200,5,1,1.0,"{'n_estimators': 200, 'min_samples_split': 5, 'max_features': 1, 'max_depth': 1.0}",,,,,,,,1
0.3829179763793945,0.02052268617108686,0.0,0.0,100,5,auto,2,"{'n_estimators': 100, 'min_samples_split': 5, 'max_features': 'auto', 'max_depth': 2}",,,,,,,,1
