mean_fit_time,std_fit_time,mean_score_time,std_score_time,param_penalty,param_max_iter,param_learning_rate,param_alpha,params,split0_test_score,split1_test_score,split2_test_score,split3_test_score,split4_test_score,mean_test_score,std_test_score,rank_test_score
0.42258462905883787,0.08493354746309596,0.0,0.0,elasticnet,1000,invscaling,0.0003,"{'penalty': 'elasticnet', 'max_iter': 1000, 'learning_rate': 'invscaling', 'alpha': 0.0003}",,,,,,,,1
0.17930712699890136,0.06021953747089726,0.0,0.0,elasticnet,1500,constant,0.0003,"{'penalty': 'elasticnet', 'max_iter': 1500, 'learning_rate': 'constant', 'alpha': 0.0003}",,,,,,,,1
0.7609726428985596,0.021660825373889567,0.0,0.0,l1,1500,adaptive,0.0001,"{'penalty': 'l1', 'max_iter': 1500, 'learning_rate': 'adaptive', 'alpha': 0.0001}",,,,,,,,1
0.2131361961364746,0.012661169533041238,0.0,0.0,l1,1500,constant,0.0005,"{'penalty': 'l1', 'max_iter': 1500, 'learning_rate': 'constant', 'alpha': 0.0005}",,,,,,,,1
0.33547797203063967,0.007788706000232293,0.0,0.0,elasticnet,2000,invscaling,0.0002,"{'penalty': 'elasticnet', 'max_iter': 2000, 'learning_rate': 'invscaling', 'alpha': 0.0002}",,,,,,,,1
0.11302475929260254,0.01178323798215972,0.003125286102294922,0.006250572204589844,,2000,optimal,0.0003,"{'penalty': None, 'max_iter': 2000, 'learning_rate': 'optimal', 'alpha': 0.0003}",,,,,,,,1
0.843290376663208,0.05045802344267896,0.00020399093627929688,0.00040798187255859376,elasticnet,1500,adaptive,0.0001,"{'penalty': 'elasticnet', 'max_iter': 1500, 'learning_rate': 'adaptive', 'alpha': 0.0001}",,,,,,,,1
0.22537970542907715,0.012059292452675143,0.00041413307189941406,0.0005072150271091245,l1,1000,constant,0.0005,"{'penalty': 'l1', 'max_iter': 1000, 'learning_rate': 'constant', 'alpha': 0.0005}",,,,,,,,1
0.4523046016693115,0.03431551090955268,0.0004082202911376953,0.0004999704888054327,elasticnet,1000,optimal,0.0005,"{'penalty': 'elasticnet', 'max_iter': 1000, 'learning_rate': 'optimal', 'alpha': 0.0005}",,,,,,,,1
0.3991998195648193,0.03937119530984898,0.0,0.0,elasticnet,1500,optimal,0.0003,"{'penalty': 'elasticnet', 'max_iter': 1500, 'learning_rate': 'optimal', 'alpha': 0.0003}",,,,,,,,1
