mean_fit_time,std_fit_time,mean_score_time,std_score_time,param_subsample,param_n_estimators,param_min_child_weight,param_max_depth,param_learning_rate,param_gamma,param_colsample_bytree,params,split0_test_score,split1_test_score,split2_test_score,split3_test_score,split4_test_score,mean_test_score,std_test_score,rank_test_score
8.233797168731689,2.0525001259288813,0.00044374465942382814,0.0008874893188476563,0.6,200,5,3,0.01,1.5,1.0,"{'subsample': 0.6, 'n_estimators': 200, 'min_child_weight': 5, 'max_depth': 3, 'learning_rate': 0.01, 'gamma': 1.5, 'colsample_bytree': 1.0}",,,,,,,,1
13.64659070968628,2.163566928571155,0.0,0.0,0.8,200,5,4,0.01,1.5,1.0,"{'subsample': 0.8, 'n_estimators': 200, 'min_child_weight': 5, 'max_depth': 4, 'learning_rate': 0.01, 'gamma': 1.5, 'colsample_bytree': 1.0}",,,,,,,,1
12.209506940841674,0.8332535910119332,0.0031284332275390626,0.006256866455078125,0.8,600,10,5,0.05,5,0.6,"{'subsample': 0.8, 'n_estimators': 600, 'min_child_weight': 10, 'max_depth': 5, 'learning_rate': 0.05, 'gamma': 5, 'colsample_bytree': 0.6}",,,,,,,,1
16.168830966949464,0.8218172570733329,0.0,0.0,0.8,600,5,4,0.01,1,0.6,"{'subsample': 0.8, 'n_estimators': 600, 'min_child_weight': 5, 'max_depth': 4, 'learning_rate': 0.01, 'gamma': 1, 'colsample_bytree': 0.6}",,,,,,,,1
36.71845269203186,1.0107906840516414,0.0,0.0,0.8,600,1,4,0.05,5,1.0,"{'subsample': 0.8, 'n_estimators': 600, 'min_child_weight': 1, 'max_depth': 4, 'learning_rate': 0.05, 'gamma': 5, 'colsample_bytree': 1.0}",,,,,,,,1
5.608893394470215,0.547645521150258,0.00470585823059082,0.005868742729309723,1.0,200,5,5,0.05,0.5,0.6,"{'subsample': 1.0, 'n_estimators': 200, 'min_child_weight': 5, 'max_depth': 5, 'learning_rate': 0.05, 'gamma': 0.5, 'colsample_bytree': 0.6}",,,,,,,,1
16.754027318954467,0.6608026987621564,0.0,0.0,0.8,600,10,4,0.01,2,0.8,"{'subsample': 0.8, 'n_estimators': 600, 'min_child_weight': 10, 'max_depth': 4, 'learning_rate': 0.01, 'gamma': 2, 'colsample_bytree': 0.8}",,,,,,,,1
21.35199990272522,0.40586035289627037,0.0,0.0,1.0,600,10,5,0.01,2,0.8,"{'subsample': 1.0, 'n_estimators': 600, 'min_child_weight': 10, 'max_depth': 5, 'learning_rate': 0.01, 'gamma': 2, 'colsample_bytree': 0.8}",,,,,,,,1
16.97873878479004,0.35664624813083273,0.0,0.0,0.8,600,10,5,0.01,0.5,0.8,"{'subsample': 0.8, 'n_estimators': 600, 'min_child_weight': 10, 'max_depth': 5, 'learning_rate': 0.01, 'gamma': 0.5, 'colsample_bytree': 0.8}",,,,,,,,1
4.600432634353638,0.5519581157688823,0.0,0.0,0.6,200,5,4,0.02,1.5,0.6,"{'subsample': 0.6, 'n_estimators': 200, 'min_child_weight': 5, 'max_depth': 4, 'learning_rate': 0.02, 'gamma': 1.5, 'colsample_bytree': 0.6}",,,,,,,,1
